month,passengers
April,267.0833333333333
August,351.0833333333333
December,261.8333333333333
February,235.0
January,241.75
July,351.3333333333333
June,311.6666666666667
March,270.1666666666667
May,271.8333333333333
November,232.83333333333334
October,266.5833333333333
September,302.4166666666667
